F-statistic	p-value
220.80957564777196	1.432247802666264e-27
