F-statistic	p-value
88.0008194069305	3.738544727791692e-18
